Date,UserID,Product,Quantity,Price
2024-04-19T10:25:15.048Z,864,Smartphone,1,284.94
2024-06-26T10:25:15.048Z,979,Laptop,4,1306.6
2023-09-19T10:25:15.048Z,36,Smartphone,1,1770.06
2023-08-13T10:25:15.048Z,504,Smartphone,1,166.94
2024-04-07T10:25:15.048Z,707,Headphones,2,934.74
2023-08-07T10:25:15.048Z,618,Headphones,5,1541.23
2023-10-15T10:25:15.048Z,212,Laptop,3,458.55
2024-02-03T10:25:15.048Z,857,Camera,5,1133.56
2023-10-29T10:25:15.048Z,672,Headphones,4,1036.03
2024-05-20T10:25:15.048Z,818,Camera,2,425.77
2024-03-01T10:25:15.048Z,75,Smartphone,3,786.14
2023-07-23T10:25:15.048Z,904,Laptop,5,1847.49
2023-08-21T10:25:15.048Z,399,Headphones,4,1781.58
2024-07-04T10:25:15.048Z,451,Camera,2,1490.49
2023-11-30T10:25:15.048Z,857,Smartphone,2,1770.41
2024-05-10T10:25:15.048Z,262,Tablet,1,1384.83
2023-12-03T10:25:15.048Z,536,Laptop,4,1160.57
2024-05-12T10:25:15.048Z,451,Tablet,2,1847.18
2023-10-22T10:25:15.048Z,680,Headphones,4,799.89
2024-07-01T10:25:15.048Z,311,Laptop,4,1141.94
2024-03-23T10:25:15.048Z,173,Camera,2,1320.21
2024-04-10T10:25:15.048Z,462,Laptop,2,389.23
2023-10-29T10:25:15.048Z,254,Tablet,1,173.35
2023-11-30T10:25:15.048Z,778,Headphones,2,535.05
2024-02-03T10:25:15.048Z,727,Smartphone,1,1203.91
2024-05-18T10:25:15.048Z,649,Headphones,5,1081.25
2023-08-16T10:25:15.048Z,697,Tablet,4,1206.3
2023-11-17T10:25:15.048Z,854,Camera,2,525.71
2024-02-09T10:25:15.048Z,327,Camera,5,1549.22
2023-11-08T10:25:15.048Z,300,Laptop,1,1593.12
2023-12-29T10:25:15.048Z,592,Laptop,2,1883.45
2024-01-06T10:25:15.048Z,341,Laptop,1,1393.54
2023-08-29T10:25:15.048Z,557,Laptop,5,1719.81
2024-03-09T10:25:15.048Z,502,Smartphone,3,824.2
2024-03-05T10:25:15.048Z,85,Laptop,5,1451.91
2023-09-23T10:25:15.048Z,794,Camera,2,427.71
2023-09-26T10:25:15.048Z,724,Headphones,5,725.43
2024-04-02T10:25:15.048Z,272,Tablet,3,1456.41
2023-08-24T10:25:15.048Z,427,Camera,2,1124.55
2024-03-30T10:25:15.048Z,694,Smartphone,1,1043.55
2024-05-29T10:25:15.048Z,550,Headphones,5,139.84
2023-07-12T10:25:15.048Z,850,Laptop,2,454.48
2024-03-10T10:25:15.048Z,302,Headphones,5,891.96
2024-03-25T10:25:15.048Z,125,Tablet,4,1713.44
2024-01-27T10:25:15.048Z,64,Tablet,2,1942.89
2024-05-17T10:25:15.048Z,638,Laptop,5,1483.34
2023-10-24T10:25:15.048Z,591,Smartphone,1,675.42
2023-12-15T10:25:15.048Z,412,Camera,3,106.79
2024-01-16T10:25:15.048Z,832,Headphones,5,509.36
2024-04-30T10:25:15.048Z,399,Camera,4,966.06
2024-01-15T10:25:15.048Z,845,Laptop,3,1519.41
2024-02-22T10:25:15.048Z,9,Laptop,3,1774.68
2023-11-28T10:25:15.048Z,711,Smartphone,1,1159.06
2023-09-08T10:25:15.048Z,239,Tablet,3,1123.05
2023-08-04T10:25:15.048Z,134,Laptop,2,1999.65
2024-02-23T10:25:15.048Z,285,Tablet,5,132.92
2024-01-07T10:25:15.048Z,377,Tablet,5,1089.14
2023-12-02T10:25:15.048Z,413,Camera,5,601.51
2023-12-08T10:25:15.048Z,201,Headphones,4,1192.04
2024-04-18T10:25:15.048Z,53,Headphones,4,1254.52
2024-05-14T10:25:15.048Z,792,Smartphone,5,675.79
2024-04-26T10:25:15.048Z,496,Smartphone,2,1075.24
2023-09-25T10:25:15.048Z,889,Camera,1,672.73
2024-01-29T10:25:15.048Z,194,Laptop,3,1238.12
2024-04-21T10:25:15.048Z,322,Tablet,3,1226.99
2023-11-25T10:25:15.048Z,705,Camera,1,1991.03
2024-02-15T10:25:15.048Z,803,Laptop,5,1739.01
2023-11-22T10:25:15.048Z,466,Laptop,1,1166.84
2024-01-05T10:25:15.048Z,228,Laptop,1,946.66
2023-12-04T10:25:15.048Z,199,Laptop,3,1371.79
2023-09-13T10:25:15.048Z,57,Headphones,5,701.43
2023-07-14T10:25:15.048Z,75,Smartphone,4,1963.56
2024-06-27T10:25:15.048Z,371,Headphones,4,162.74
2024-05-05T10:25:15.048Z,87,Headphones,1,1070.73
2024-07-09T10:25:15.048Z,9,Headphones,3,675.05
2024-06-25T10:25:15.048Z,711,Headphones,3,1241.92
2024-07-09T10:25:15.048Z,507,Headphones,4,1492.81
2024-03-29T10:25:15.048Z,154,Tablet,1,730.92
2023-09-25T10:25:15.048Z,654,Smartphone,4,600.89
2023-10-27T10:25:15.048Z,60,Headphones,4,1062.13
2023-11-22T10:25:15.048Z,794,Camera,5,825.15
2023-09-02T10:25:15.048Z,708,Laptop,3,1185.26
2024-03-09T10:25:15.048Z,69,Headphones,4,347.13
2023-12-11T10:25:15.048Z,767,Headphones,4,518.75
2023-10-07T10:25:15.048Z,597,Camera,2,449.43
2023-12-18T10:25:15.048Z,783,Tablet,4,375.09
2024-01-07T10:25:15.048Z,63,Laptop,5,1225.88
2023-08-23T10:25:15.048Z,512,Headphones,2,420.01
2024-06-20T10:25:15.048Z,685,Smartphone,3,869.6
2023-12-27T10:25:15.048Z,359,Camera,3,458.08
2023-09-01T10:25:15.048Z,28,Tablet,1,557.09
2023-11-01T10:25:15.048Z,200,Tablet,5,1271.44
2024-06-15T10:25:15.048Z,756,Camera,2,655.51
2023-08-16T10:25:15.048Z,149,Tablet,4,1959.04
2023-07-17T10:25:15.048Z,557,Headphones,2,493.67
2024-07-08T10:25:15.048Z,818,Headphones,3,1026.67
2024-05-14T10:25:15.048Z,278,Tablet,2,759.95
2023-09-04T10:25:15.048Z,500,Smartphone,4,939.78
2023-08-02T10:25:15.048Z,160,Headphones,2,1097.62
2024-06-04T10:25:15.048Z,701,Smartphone,1,917.75
2023-10-30T10:25:15.048Z,238,Laptop,3,1739.44
2023-10-07T10:25:15.048Z,175,Camera,4,439.87
2023-11-09T10:25:15.048Z,858,Tablet,4,316.95
2024-02-10T10:25:15.048Z,552,Tablet,4,1977.06
2024-02-26T10:25:15.048Z,102,Camera,5,1494.24
2023-10-06T10:25:15.048Z,591,Headphones,5,220.98
2024-05-22T10:25:15.048Z,249,Headphones,5,1393.5
2024-05-04T10:25:15.048Z,23,Laptop,5,1518.13
2023-12-07T10:25:15.048Z,671,Laptop,4,983.98
2023-12-21T10:25:15.048Z,811,Laptop,5,1151.33
2023-12-02T10:25:15.048Z,838,Laptop,3,1335.26
2023-10-28T10:25:15.048Z,195,Laptop,3,1262.96
2023-07-12T10:25:15.048Z,562,Tablet,4,943.53
2024-03-14T10:25:15.048Z,438,Headphones,1,1230.79
2024-04-21T10:25:15.048Z,753,Laptop,1,127.19
2024-06-25T10:25:15.048Z,433,Laptop,4,149.75
2023-10-06T10:25:15.048Z,464,Laptop,2,1284.71
2023-08-30T10:25:15.048Z,546,Laptop,3,1523.75
2023-10-20T10:25:15.048Z,210,Smartphone,4,422.57
2023-10-01T10:25:15.048Z,214,Tablet,4,868.75
2024-04-27T10:25:15.048Z,32,Tablet,2,1901.55
2024-01-21T10:25:15.048Z,912,Headphones,5,962.27
2023-12-03T10:25:15.048Z,694,Camera,3,1726.88
2023-08-14T10:25:15.048Z,203,Camera,3,442.32
2024-05-26T10:25:15.048Z,831,Laptop,1,272.08
2023-08-19T10:25:15.048Z,608,Laptop,3,1598.26
2024-06-04T10:25:15.048Z,394,Tablet,2,729.21
2024-03-24T10:25:15.048Z,889,Laptop,1,1176.66
2024-03-30T10:25:15.048Z,829,Smartphone,1,542.39
2024-06-13T10:25:15.048Z,463,Camera,3,597.48
2023-12-27T10:25:15.048Z,280,Laptop,5,1459.14
2023-10-11T10:25:15.048Z,446,Camera,3,617.15
2023-10-13T10:25:15.048Z,95,Headphones,5,1528.94
2023-08-04T10:25:15.048Z,325,Tablet,1,187.95
2023-08-17T10:25:15.048Z,772,Tablet,2,1151.41
2023-09-16T10:25:15.048Z,972,Headphones,4,217.99
2024-05-11T10:25:15.048Z,706,Laptop,2,201.88
2024-01-22T10:25:15.048Z,915,Headphones,4,1978.34
2024-01-27T10:25:15.048Z,971,Headphones,3,999.25
2024-06-19T10:25:15.048Z,386,Headphones,3,1218.46
2024-05-01T10:25:15.048Z,598,Tablet,5,747.47
2024-05-29T10:25:15.048Z,456,Smartphone,1,1338.92
2024-07-09T10:25:15.048Z,305,Camera,3,168.7
2023-12-21T10:25:15.048Z,709,Smartphone,1,844.16
2024-03-23T10:25:15.048Z,144,Tablet,2,536.13
2024-01-10T10:25:15.048Z,394,Tablet,1,775.61
2024-02-02T10:25:15.048Z,479,Camera,4,503.92
2024-05-06T10:25:15.048Z,681,Tablet,4,1613.05
2024-01-03T10:25:15.048Z,887,Smartphone,2,318.99
2023-07-29T10:25:15.048Z,455,Smartphone,4,1636.44
2023-09-30T10:25:15.048Z,438,Camera,4,1377.12
2023-07-13T10:25:15.048Z,470,Laptop,4,1226.05
2024-04-17T10:25:15.048Z,515,Laptop,5,1308.32
2023-07-24T10:25:15.048Z,45,Laptop,3,1010.74
2024-04-12T10:25:15.048Z,174,Smartphone,5,1363.87
2024-05-31T10:25:15.048Z,357,Camera,5,1722.22
2023-08-26T10:25:15.048Z,268,Headphones,3,882.56
2024-01-16T10:25:15.048Z,165,Tablet,1,833.58
2024-01-15T10:25:15.048Z,547,Smartphone,3,454.7
2023-09-04T10:25:15.048Z,453,Headphones,2,1128.78
2024-05-12T10:25:15.048Z,272,Smartphone,1,1461.82
2024-06-19T10:25:15.048Z,594,Tablet,4,399.15
2024-01-03T10:25:15.048Z,757,Smartphone,1,687.71
2024-04-18T10:25:15.048Z,324,Laptop,5,1098.26
2024-06-20T10:25:15.048Z,526,Camera,3,1973.51
2023-09-19T10:25:15.048Z,626,Tablet,3,433.53
2023-12-05T10:25:15.048Z,199,Tablet,4,1924.12
2023-10-12T10:25:15.048Z,829,Camera,2,174.56
2024-01-19T10:25:15.048Z,482,Laptop,1,659.07
2023-07-21T10:25:15.048Z,234,Laptop,3,285.94
2024-02-26T10:25:15.048Z,262,Headphones,5,1157.43
2023-11-25T10:25:15.048Z,846,Tablet,2,964.43
2024-06-03T10:25:15.048Z,493,Camera,4,419.79
2023-12-23T10:25:15.048Z,974,Smartphone,1,1006.38
2023-12-09T10:25:15.048Z,378,Headphones,4,400.63
2024-06-13T10:25:15.048Z,163,Camera,3,133.83
2024-01-11T10:25:15.048Z,101,Laptop,3,1771.61
2024-07-10T10:25:15.048Z,104,Camera,2,389.37
2024-05-15T10:25:15.048Z,203,Smartphone,2,246.75
2024-04-29T10:25:15.048Z,872,Camera,4,598.35
2024-06-17T10:25:15.048Z,772,Laptop,2,1789.52
2024-05-23T10:25:15.048Z,32,Smartphone,5,676.88
2023-09-28T10:25:15.048Z,126,Smartphone,5,1329.21
2023-11-16T10:25:15.048Z,102,Camera,3,1775.65
2024-07-04T10:25:15.048Z,777,Smartphone,2,1593.84
2023-07-13T10:25:15.048Z,186,Laptop,4,1770.69
2024-01-29T10:25:15.048Z,332,Laptop,1,1722.95
2024-06-20T10:25:15.048Z,880,Headphones,2,356.55
2024-06-10T10:25:15.048Z,880,Smartphone,3,119.05
2023-10-02T10:25:15.048Z,736,Tablet,4,1337.46
2024-01-04T10:25:15.048Z,903,Tablet,4,1233.36
2024-05-17T10:25:15.048Z,245,Laptop,1,1632.03
2024-04-07T10:25:15.048Z,276,Headphones,2,1644.31
2023-11-15T10:25:15.048Z,785,Smartphone,5,107.74
2023-07-25T10:25:15.048Z,31,Camera,3,359.8
2023-10-18T10:25:15.048Z,185,Tablet,3,1495.59
2024-05-11T10:25:15.048Z,965,Laptop,2,812.43
2024-03-24T10:25:15.048Z,464,Headphones,2,1178.49
2024-03-02T10:25:15.048Z,855,Laptop,4,1982.1
2024-04-08T10:25:15.048Z,413,Tablet,2,1090.23
2023-12-03T10:25:15.048Z,62,Smartphone,5,281.55
2023-11-10T10:25:15.048Z,491,Camera,1,1922.93
2023-08-27T10:25:15.048Z,802,Headphones,3,1641.58
2024-05-13T10:25:15.048Z,7,Camera,1,1607.86
2023-08-28T10:25:15.048Z,914,Headphones,5,294.97
2024-01-14T10:25:15.048Z,564,Tablet,3,214.11
2023-08-07T10:25:15.048Z,623,Headphones,1,1890.6
2023-11-02T10:25:15.048Z,155,Smartphone,3,1050.0
2024-01-26T10:25:15.048Z,517,Camera,5,204.16
2023-09-24T10:25:15.048Z,341,Headphones,4,259.38
2024-04-18T10:25:15.048Z,992,Camera,1,1603.5
2023-09-17T10:25:15.048Z,648,Tablet,5,310.43
2024-02-16T10:25:15.048Z,42,Laptop,3,704.16
2024-02-13T10:25:15.048Z,2,Smartphone,3,582.18
2023-12-14T10:25:15.048Z,792,Laptop,5,1695.78
2024-03-09T10:25:15.048Z,121,Headphones,2,458.84
2024-06-08T10:25:15.048Z,709,Headphones,1,1417.12
2024-05-15T10:25:15.048Z,161,Camera,3,714.84
2024-02-14T10:25:15.048Z,691,Smartphone,4,1614.7
2023-07-20T10:25:15.048Z,462,Laptop,2,1380.05
2024-06-09T10:25:15.048Z,206,Camera,2,1854.71
2024-06-05T10:25:15.048Z,746,Headphones,5,1499.22
2023-10-13T10:25:15.048Z,229,Camera,1,465.47
2023-10-16T10:25:15.048Z,725,Headphones,3,1816.12
2023-11-30T10:25:15.048Z,529,Smartphone,1,354.76
2023-10-12T10:25:15.048Z,801,Camera,5,1088.3
2024-06-06T10:25:15.048Z,848,Smartphone,3,706.42
2024-04-22T10:25:15.048Z,135,Camera,2,1557.35
2023-09-25T10:25:15.048Z,328,Camera,1,1375.79
2024-07-05T10:25:15.048Z,310,Smartphone,5,1186.83
2024-03-19T10:25:15.048Z,338,Camera,4,880.6
2023-12-06T10:25:15.048Z,745,Laptop,1,796.74
2024-06-10T10:25:15.048Z,999,Laptop,2,1026.96
2024-02-04T10:25:15.048Z,908,Headphones,1,1735.74
2023-12-24T10:25:15.048Z,139,Smartphone,3,1525.71
2024-03-14T10:25:15.048Z,784,Camera,1,829.78
2024-05-22T10:25:15.048Z,509,Smartphone,4,506.1
2024-02-06T10:25:15.048Z,281,Smartphone,2,1044.69
2023-07-12T10:25:15.048Z,700,Camera,2,1112.9
2024-01-08T10:25:15.048Z,818,Smartphone,2,1271.92
2024-01-17T10:25:15.048Z,691,Smartphone,3,1094.77
2024-01-15T10:25:15.048Z,573,Tablet,5,920.09
2024-05-06T10:25:15.048Z,860,Camera,1,705.3
2024-02-01T10:25:15.048Z,364,Laptop,1,1235.64
2024-01-09T10:25:15.048Z,635,Smartphone,2,1317.65
2023-08-12T10:25:15.048Z,409,Camera,3,758.44
2024-05-24T10:25:15.048Z,33,Tablet,4,1517.3
2024-05-18T10:25:15.048Z,896,Laptop,2,1972.26
2024-02-13T10:25:15.048Z,213,Laptop,1,777.32
2024-04-29T10:25:15.048Z,567,Tablet,3,897.93
2024-01-14T10:25:15.048Z,825,Smartphone,4,128.99
2023-12-29T10:25:15.048Z,104,Tablet,1,1102.54
2024-04-13T10:25:15.048Z,485,Smartphone,5,1562.0
2024-07-05T10:25:15.048Z,198,Laptop,5,1013.82
2023-07-21T10:25:15.048Z,504,Camera,1,1640.93
2023-09-17T10:25:15.048Z,404,Smartphone,2,1535.57
2023-08-12T10:25:15.048Z,624,Camera,2,403.68
2023-12-08T10:25:15.048Z,918,Headphones,4,175.22
2023-12-19T10:25:15.048Z,457,Headphones,2,1519.81
2023-09-20T10:25:15.048Z,485,Camera,3,174.21
2024-01-03T10:25:15.048Z,890,Headphones,2,1878.52
2024-04-27T10:25:15.048Z,675,Camera,5,1662.59
2023-10-21T10:25:15.048Z,860,Camera,3,194.68
2024-02-29T10:25:15.048Z,819,Smartphone,1,253.93
2024-06-29T10:25:15.048Z,759,Headphones,1,1731.34
2024-03-24T10:25:15.048Z,973,Camera,2,909.06
2023-07-22T10:25:15.048Z,591,Headphones,2,750.65
2023-12-29T10:25:15.048Z,394,Laptop,2,1115.29
2024-03-25T10:25:15.048Z,945,Tablet,1,126.26
2023-10-31T10:25:15.048Z,450,Tablet,4,984.15
2024-02-29T10:25:15.048Z,959,Camera,2,1548.41
2023-12-03T10:25:15.048Z,353,Laptop,1,1770.71
2023-12-29T10:25:15.048Z,295,Laptop,2,1819.0
2023-11-09T10:25:15.048Z,402,Tablet,4,212.35
2024-01-28T10:25:15.048Z,240,Headphones,5,1067.89
2024-02-01T10:25:15.048Z,591,Camera,1,1234.02
2023-10-06T10:25:15.048Z,570,Tablet,5,1031.99
2024-04-14T10:25:15.048Z,41,Headphones,1,1653.69
2023-08-20T10:25:15.048Z,548,Headphones,3,987.78
2023-11-24T10:25:15.048Z,49,Camera,1,1872.55
2023-07-11T10:25:15.048Z,190,Camera,4,1750.37
2023-11-27T10:25:15.048Z,550,Headphones,5,224.18
2024-05-01T10:25:15.048Z,893,Camera,3,1380.51
2024-02-25T10:25:15.048Z,230,Camera,1,773.63
2023-07-12T10:25:15.048Z,355,Tablet,4,223.15
2023-08-31T10:25:15.048Z,671,Smartphone,5,968.08
2023-12-09T10:25:15.048Z,290,Headphones,2,1462.35
2023-12-14T10:25:15.048Z,215,Laptop,5,979.6
2023-10-12T10:25:15.048Z,948,Smartphone,4,1757.73
2023-08-30T10:25:15.048Z,679,Camera,3,1328.07
2023-11-11T10:25:15.048Z,300,Smartphone,3,1370.94
2023-10-19T10:25:15.048Z,419,Camera,5,895.8
2023-09-06T10:25:15.048Z,456,Laptop,2,229.39
2024-06-11T10:25:15.048Z,869,Headphones,1,1986.05
2024-01-27T10:25:15.048Z,729,Smartphone,4,1379.48
2024-01-18T10:25:15.048Z,60,Smartphone,4,1064.41
2024-04-11T10:25:15.048Z,623,Camera,5,578.13
2023-07-24T10:25:15.048Z,237,Camera,3,1135.59
2024-06-22T10:25:15.048Z,377,Smartphone,2,596.77
2023-12-21T10:25:15.048Z,298,Camera,1,1819.54
2024-04-29T10:25:15.048Z,778,Camera,5,105.75
2023-10-14T10:25:15.048Z,522,Tablet,3,1015.69
2023-12-19T10:25:15.048Z,101,Tablet,1,373.75
2024-06-28T10:25:15.048Z,157,Smartphone,4,212.72
2023-09-14T10:25:15.048Z,122,Headphones,1,1073.09
2023-08-28T10:25:15.048Z,524,Smartphone,3,1920.14
2023-09-26T10:25:15.048Z,669,Laptop,2,505.37
2024-04-27T10:25:15.048Z,544,Smartphone,4,1720.99
2024-07-08T10:25:15.048Z,304,Headphones,3,487.61
2023-12-12T10:25:15.048Z,225,Headphones,1,349.54
2023-11-26T10:25:15.048Z,81,Smartphone,4,1687.65
2024-05-27T10:25:15.048Z,386,Camera,4,1266.18
2024-02-17T10:25:15.048Z,943,Headphones,2,835.63
2023-12-21T10:25:15.048Z,507,Smartphone,4,1103.38
2023-10-03T10:25:15.048Z,776,Headphones,3,819.88
2023-07-17T10:25:15.048Z,411,Headphones,2,1543.12
2023-12-17T10:25:15.048Z,647,Tablet,2,306.51
2023-10-24T10:25:15.048Z,702,Headphones,4,1239.22
2023-11-12T10:25:15.048Z,412,Tablet,4,119.02
2024-05-19T10:25:15.048Z,254,Headphones,4,1748.75
2023-11-11T10:25:15.048Z,943,Headphones,2,246.14
2024-01-23T10:25:15.048Z,629,Laptop,5,1641.28
2024-06-29T10:25:15.048Z,25,Laptop,4,1879.36
2024-04-04T10:25:15.048Z,527,Camera,2,130.05
2023-10-04T10:25:15.048Z,453,Smartphone,2,1823.45
2024-03-26T10:25:15.048Z,37,Smartphone,3,1127.99
2024-05-30T10:25:15.048Z,925,Tablet,3,824.32
2024-02-07T10:25:15.048Z,109,Laptop,3,779.97
2024-03-28T10:25:15.048Z,594,Tablet,2,1988.79
2024-06-25T10:25:15.048Z,782,Laptop,2,1393.59
2024-04-28T10:25:15.048Z,368,Camera,3,1481.52
2024-06-29T10:25:15.048Z,739,Headphones,2,561.8
2024-03-09T10:25:15.048Z,151,Camera,4,803.22
2023-12-27T10:25:15.048Z,184,Headphones,4,272.18
2023-11-15T10:25:15.048Z,826,Tablet,2,1008.6
2023-10-29T10:25:15.048Z,856,Smartphone,5,1331.03
2024-06-03T10:25:15.048Z,863,Laptop,3,1623.18
2023-07-14T10:25:15.048Z,587,Headphones,1,245.89
2023-09-01T10:25:15.048Z,187,Camera,1,1931.39
2024-04-02T10:25:15.048Z,354,Laptop,5,358.48
2023-12-27T10:25:15.048Z,488,Smartphone,4,733.65
2024-02-13T10:25:15.048Z,149,Headphones,4,1917.86
2024-03-07T10:25:15.048Z,682,Tablet,5,882.03
2023-12-20T10:25:15.048Z,125,Smartphone,2,641.07
2024-03-27T10:25:15.048Z,251,Tablet,3,513.89
2023-11-19T10:25:15.048Z,320,Smartphone,3,254.66
2023-11-11T10:25:15.048Z,486,Camera,3,1094.75
2023-08-25T10:25:15.048Z,997,Smartphone,5,307.32
2024-06-10T10:25:15.048Z,739,Camera,5,1846.05
2024-02-18T10:25:15.048Z,213,Headphones,1,707.98
2023-09-09T10:25:15.048Z,429,Smartphone,2,184.59
2024-01-07T10:25:15.048Z,845,Camera,2,1837.19
2024-06-25T10:25:15.048Z,649,Tablet,5,1579.99
2023-10-17T10:25:15.048Z,554,Headphones,1,761.24
2023-10-06T10:25:15.048Z,505,Tablet,1,214.33
2023-07-23T10:25:15.048Z,368,Smartphone,4,480.22
2024-06-12T10:25:15.048Z,216,Headphones,2,1862.66
2024-06-09T10:25:15.048Z,761,Headphones,5,1188.13
2024-01-04T10:25:15.048Z,411,Tablet,2,1255.02
2024-05-14T10:25:15.048Z,634,Smartphone,2,951.14
2024-03-23T10:25:15.048Z,900,Camera,5,269.06
2023-07-17T10:25:15.048Z,705,Camera,4,1936.72
2023-08-20T10:25:15.048Z,539,Laptop,1,1972.01
2023-12-30T10:25:15.048Z,882,Camera,1,613.43
2023-12-03T10:25:15.048Z,148,Tablet,1,1725.36
2023-08-02T10:25:15.048Z,322,Laptop,5,1814.94
2024-03-18T10:25:15.048Z,932,Laptop,3,1008.33
2023-07-19T10:25:15.048Z,258,Tablet,3,651.72
2023-11-24T10:25:15.048Z,608,Tablet,4,1837.17
2023-10-15T10:25:15.048Z,274,Camera,2,776.99
2024-01-22T10:25:15.048Z,506,Tablet,4,1322.22
2024-05-01T10:25:15.048Z,364,Headphones,2,1946.96
2023-10-14T10:25:15.048Z,609,Smartphone,3,1946.74
2024-03-11T10:25:15.048Z,646,Laptop,3,1370.65
2023-09-16T10:25:15.048Z,156,Smartphone,1,1027.45
2024-03-18T10:25:15.048Z,101,Headphones,5,1213.34
2024-01-06T10:25:15.048Z,325,Smartphone,1,1395.85
2024-04-13T10:25:15.048Z,425,Tablet,5,1366.15
2024-07-03T10:25:15.048Z,306,Tablet,2,1786.14
2023-08-27T10:25:15.048Z,664,Tablet,5,136.23
2024-02-08T10:25:15.048Z,249,Laptop,1,1781.36
2024-02-23T10:25:15.048Z,743,Camera,3,1126.67
2023-07-30T10:25:15.048Z,293,Laptop,5,1993.0
2023-09-05T10:25:15.048Z,475,Tablet,3,782.59
2024-04-11T10:25:15.048Z,89,Laptop,1,1738.95
2023-07-23T10:25:15.048Z,660,Laptop,3,953.58
2024-02-04T10:25:15.048Z,427,Laptop,2,1747.53
2024-05-01T10:25:15.048Z,64,Camera,1,1846.62
2024-02-28T10:25:15.048Z,278,Camera,3,1600.68
2024-02-04T10:25:15.048Z,847,Headphones,4,713.21
2023-10-24T10:25:15.048Z,477,Tablet,4,791.47
2024-06-20T10:25:15.048Z,832,Smartphone,4,1257.84
2023-08-13T10:25:15.048Z,285,Camera,3,1098.03
2024-04-16T10:25:15.048Z,689,Camera,4,916.78
2023-12-13T10:25:15.048Z,341,Headphones,5,1496.94
2023-11-16T10:25:15.048Z,668,Headphones,5,1209.33
2023-10-05T10:25:15.048Z,879,Laptop,5,500.42
2023-08-17T10:25:15.048Z,860,Headphones,5,1200.78
2023-10-22T10:25:15.048Z,85,Headphones,5,1028.19
2024-06-11T10:25:15.048Z,507,Tablet,2,543.95
2023-09-23T10:25:15.048Z,852,Camera,1,674.48
2023-12-02T10:25:15.048Z,244,Smartphone,1,1506.92
2023-09-21T10:25:15.048Z,247,Headphones,2,1312.46
2023-08-15T10:25:15.048Z,616,Smartphone,5,1217.04
2024-06-11T10:25:15.048Z,863,Smartphone,1,1303.98
2023-12-10T10:25:15.048Z,114,Laptop,5,1601.96
2023-12-01T10:25:15.048Z,674,Laptop,3,1938.75
2023-08-13T10:25:15.048Z,487,Tablet,3,827.39
2024-04-23T10:25:15.048Z,960,Tablet,1,719.64
2024-02-09T10:25:15.048Z,1000,Smartphone,3,577.38
2024-06-02T10:25:15.048Z,513,Tablet,5,959.34
2024-06-23T10:25:15.048Z,368,Laptop,4,350.9
2023-08-05T10:25:15.048Z,348,Tablet,3,1250.9
2023-12-06T10:25:15.048Z,771,Tablet,5,277.53
2024-03-22T10:25:15.048Z,241,Camera,2,1244.52
2024-01-28T10:25:15.048Z,321,Laptop,1,1966.52
2023-09-01T10:25:15.048Z,298,Laptop,1,1138.85
2023-12-16T10:25:15.048Z,533,Tablet,2,1211.27
2024-03-04T10:25:15.048Z,383,Smartphone,4,1022.66
2023-12-18T10:25:15.048Z,803,Camera,4,1828.56
2024-03-23T10:25:15.048Z,809,Smartphone,2,1240.01
2023-10-07T10:25:15.048Z,939,Laptop,2,794.89
2024-04-10T10:25:15.048Z,331,Camera,2,1042.99
2024-01-13T10:25:15.048Z,635,Laptop,4,1986.21
2023-09-02T10:25:15.048Z,300,Headphones,3,752.8
2023-12-19T10:25:15.048Z,270,Tablet,5,192.84
2023-08-12T10:25:15.048Z,277,Laptop,4,1804.31
2024-03-11T10:25:15.048Z,13,Laptop,1,175.49
2024-02-06T10:25:15.048Z,809,Camera,1,582.13
2024-04-12T10:25:15.048Z,866,Camera,4,585.9
2023-08-14T10:25:15.048Z,250,Smartphone,2,213.67
2023-11-22T10:25:15.048Z,204,Tablet,1,1455.14
2023-12-09T10:25:15.048Z,498,Tablet,4,1965.18
2023-08-28T10:25:15.048Z,501,Laptop,1,885.8
2023-07-22T10:25:15.048Z,663,Smartphone,1,516.33
2023-12-12T10:25:15.048Z,302,Camera,4,708.51
2024-04-08T10:25:15.048Z,840,Camera,1,897.34
2023-10-26T10:25:15.048Z,793,Smartphone,5,1826.77
2024-03-07T10:25:15.048Z,178,Camera,3,1480.8
2024-01-03T10:25:15.048Z,975,Headphones,5,473.76
2024-01-17T10:25:15.048Z,543,Tablet,1,1370.92
2024-05-12T10:25:15.048Z,713,Laptop,2,201.46
2024-04-24T10:25:15.048Z,983,Camera,3,473.08
2023-09-29T10:25:15.048Z,176,Camera,5,1664.15
2024-02-20T10:25:15.048Z,242,Laptop,5,751.36
2024-01-14T10:25:15.048Z,364,Laptop,5,584.1
2024-01-16T10:25:15.048Z,442,Tablet,5,1258.41
2024-04-20T10:25:15.048Z,880,Camera,3,1487.7
2024-04-30T10:25:15.048Z,298,Tablet,5,1528.21
2024-06-01T10:25:15.048Z,578,Tablet,5,182.42
2024-02-29T10:25:15.048Z,269,Laptop,5,1707.79
2023-07-20T10:25:15.048Z,133,Tablet,5,192.86
2024-06-21T10:25:15.048Z,378,Laptop,4,1333.49
2023-07-12T10:25:15.048Z,269,Laptop,1,130.14
2024-01-04T10:25:15.048Z,79,Headphones,3,1761.52
2024-03-04T10:25:15.048Z,436,Tablet,1,264.14
2023-09-19T10:25:15.048Z,364,Headphones,2,280.77
2024-05-01T10:25:15.048Z,764,Smartphone,5,563.7
2024-02-10T10:25:15.048Z,549,Tablet,2,1175.31
2023-10-30T10:25:15.048Z,488,Laptop,3,1931.85
2023-11-26T10:25:15.048Z,650,Camera,4,267.04
2024-07-02T10:25:15.048Z,927,Smartphone,5,936.71
2024-01-29T10:25:15.048Z,543,Headphones,4,1646.67
2024-01-05T10:25:15.048Z,431,Camera,1,1477.51
2024-06-28T10:25:15.048Z,181,Camera,4,264.48
2024-02-14T10:25:15.048Z,656,Laptop,5,255.62
2024-01-25T10:25:15.048Z,331,Laptop,1,1004.54
2023-11-10T10:25:15.048Z,104,Headphones,2,1833.73
2024-06-11T10:25:15.048Z,245,Headphones,3,1066.92
2024-06-03T10:25:15.048Z,213,Camera,4,314.78
2024-03-29T10:25:15.048Z,889,Smartphone,5,435.36
2023-10-22T10:25:15.048Z,910,Camera,4,937.07
2024-06-07T10:25:15.048Z,303,Smartphone,3,1992.32
2023-10-28T10:25:15.048Z,358,Camera,2,893.2
2023-12-26T10:25:15.048Z,352,Camera,5,621.6
2023-08-06T10:25:15.048Z,946,Tablet,4,1347.05
2023-11-08T10:25:15.048Z,122,Tablet,2,1470.04
2024-05-16T10:25:15.048Z,249,Headphones,2,1473.12
2024-01-01T10:25:15.048Z,869,Tablet,3,1972.03
2024-05-13T10:25:15.048Z,882,Headphones,4,1456.95
2023-10-12T10:25:15.048Z,21,Smartphone,5,1983.77
2024-03-15T10:25:15.048Z,897,Laptop,4,510.21
2024-05-14T10:25:15.048Z,975,Laptop,4,556.36
2023-10-30T10:25:15.048Z,311,Smartphone,5,286.91
2024-01-14T10:25:15.048Z,133,Laptop,3,1897.55
2023-08-29T10:25:15.048Z,767,Headphones,1,1046.42
2024-03-28T10:25:15.048Z,852,Smartphone,4,1703.39
2023-12-22T10:25:15.048Z,645,Tablet,5,1392.85
2024-03-04T10:25:15.048Z,931,Camera,3,737.0
2023-11-17T10:25:15.048Z,842,Camera,5,1992.07
2023-07-12T10:25:15.048Z,318,Camera,1,374.96
2023-10-20T10:25:15.048Z,317,Tablet,1,125.3
2024-02-09T10:25:15.048Z,248,Camera,3,765.62
2024-03-25T10:25:15.048Z,257,Tablet,1,484.8
2024-02-18T10:25:15.048Z,973,Tablet,5,1243.59
2024-03-28T10:25:15.048Z,764,Headphones,2,587.33
2024-01-08T10:25:15.048Z,162,Tablet,4,1275.42
2023-12-22T10:25:15.048Z,676,Camera,2,1769.02
2023-09-02T10:25:15.048Z,816,Tablet,4,1733.34
2024-05-22T10:25:15.048Z,375,Tablet,4,539.08
2023-11-29T10:25:15.048Z,145,Smartphone,4,1092.0
2023-10-22T10:25:15.048Z,422,Smartphone,3,800.59
2023-11-18T10:25:15.048Z,426,Smartphone,5,1788.89
2024-05-13T10:25:15.048Z,865,Smartphone,1,402.26
2024-04-22T10:25:15.048Z,448,Tablet,4,151.34
2024-03-06T10:25:15.048Z,830,Laptop,2,1891.64
2023-08-22T10:25:15.048Z,826,Smartphone,5,1676.21
2024-05-05T10:25:15.048Z,152,Laptop,4,1544.86
2023-12-17T10:25:15.048Z,791,Headphones,4,796.53
2023-07-13T10:25:15.048Z,538,Smartphone,2,624.0
2023-09-28T10:25:15.048Z,160,Laptop,2,1279.61
2024-06-05T10:25:15.048Z,93,Smartphone,1,222.9
2024-02-05T10:25:15.048Z,817,Smartphone,3,1176.23
2023-11-04T10:25:15.048Z,233,Tablet,5,1958.19
2023-08-24T10:25:15.048Z,543,Laptop,4,1854.82
2023-07-30T10:25:15.048Z,670,Tablet,1,1293.3
2023-09-05T10:25:15.048Z,10,Laptop,2,1519.04
2024-02-02T10:25:15.048Z,922,Laptop,5,794.04
2024-04-15T10:25:15.048Z,398,Camera,3,1342.68
2024-01-04T10:25:15.048Z,635,Headphones,5,1290.04
2024-03-08T10:25:15.048Z,741,Headphones,2,1232.7
2023-10-06T10:25:15.048Z,685,Smartphone,5,565.11
2024-05-26T10:25:15.048Z,266,Camera,3,1805.81
2024-03-22T10:25:15.048Z,409,Smartphone,1,346.76
2024-04-01T10:25:15.048Z,590,Headphones,4,419.55
2023-11-02T10:25:15.048Z,757,Tablet,3,1472.16
2023-07-31T10:25:15.048Z,756,Smartphone,3,1849.94
2024-01-25T10:25:15.048Z,812,Tablet,1,382.93
2024-01-14T10:25:15.048Z,285,Headphones,3,949.36
2023-08-30T10:25:15.048Z,576,Camera,4,1617.05
2023-12-09T10:25:15.048Z,654,Smartphone,4,1174.64
2024-03-13T10:25:15.048Z,679,Camera,2,527.4
2024-07-07T10:25:15.048Z,956,Laptop,4,1770.52
2023-08-22T10:25:15.048Z,355,Camera,5,114.87
2023-09-02T10:25:15.048Z,136,Tablet,4,908.85
2024-02-14T10:25:15.048Z,391,Camera,5,1872.05
2023-12-11T10:25:15.048Z,202,Camera,2,1856.25
2023-10-22T10:25:15.048Z,141,Laptop,5,380.48
2023-08-21T10:25:15.048Z,289,Laptop,5,1815.25
2023-07-28T10:25:15.048Z,2,Headphones,4,694.86
2024-03-22T10:25:15.048Z,985,Smartphone,5,1982.03
2024-04-12T10:25:15.048Z,241,Headphones,5,300.38
2024-04-04T10:25:15.048Z,953,Camera,2,1940.37
2024-02-05T10:25:15.048Z,568,Headphones,4,1447.77
2023-09-22T10:25:15.048Z,194,Smartphone,5,1095.08
2023-12-21T10:25:15.048Z,660,Camera,2,1814.76
2024-05-03T10:25:15.048Z,95,Camera,1,1094.67
2023-08-21T10:25:15.048Z,615,Headphones,4,1123.57
2024-01-16T10:25:15.048Z,807,Tablet,4,141.52
2023-09-14T10:25:15.048Z,502,Tablet,3,1174.29
2023-08-29T10:25:15.048Z,39,Headphones,2,1381.47
2024-05-25T10:25:15.048Z,511,Laptop,4,1988.33
2023-12-19T10:25:15.048Z,165,Smartphone,3,1418.19
2023-12-29T10:25:15.048Z,357,Headphones,4,928.92
2024-06-12T10:25:15.048Z,272,Tablet,2,1287.28
2023-07-17T10:25:15.048Z,44,Headphones,4,400.23
2023-08-13T10:25:15.048Z,52,Tablet,5,1625.96
2024-06-11T10:25:15.048Z,86,Smartphone,3,1516.49
2024-06-27T10:25:15.048Z,477,Smartphone,2,741.38
2023-12-27T10:25:15.048Z,713,Tablet,1,1817.58
2023-09-02T10:25:15.048Z,188,Headphones,4,810.21
2024-06-02T10:25:15.048Z,925,Smartphone,5,1701.4
2023-11-06T10:25:15.048Z,991,Laptop,2,1830.75
2023-11-22T10:25:15.048Z,311,Headphones,2,601.07
2024-03-20T10:25:15.048Z,841,Laptop,5,1291.72
2023-08-23T10:25:15.048Z,992,Camera,4,794.16
2023-07-16T10:25:15.048Z,201,Laptop,5,347.11
2024-06-11T10:25:15.048Z,19,Laptop,1,860.26
2024-05-29T10:25:15.048Z,276,Camera,4,540.45
2023-11-15T10:25:15.048Z,692,Smartphone,4,591.81
2024-06-23T10:25:15.048Z,408,Camera,2,772.49
2024-06-04T10:25:15.048Z,657,Laptop,2,781.78
2024-05-03T10:25:15.048Z,254,Tablet,2,1162.45
2023-08-25T10:25:15.048Z,13,Laptop,3,1790.4
2024-01-20T10:25:15.048Z,929,Headphones,3,944.6
2024-05-27T10:25:15.048Z,995,Smartphone,4,426.67
2023-11-14T10:25:15.048Z,633,Tablet,4,1279.91
2023-07-12T10:25:15.048Z,760,Headphones,4,1890.25
2023-11-28T10:25:15.048Z,132,Smartphone,2,850.82
2023-11-23T10:25:15.048Z,628,Smartphone,5,1463.96
2024-02-12T10:25:15.048Z,173,Headphones,1,1779.03
2023-08-07T10:25:15.048Z,63,Tablet,2,1430.58
2024-03-30T10:25:15.048Z,212,Tablet,3,381.54
2024-07-10T10:25:15.048Z,326,Camera,2,1599.96
2024-06-27T10:25:15.048Z,533,Smartphone,3,1257.87
2024-07-01T10:25:15.048Z,785,Headphones,5,1802.69
2024-04-08T10:25:15.048Z,35,Camera,5,640.25
2023-12-25T10:25:15.048Z,306,Laptop,5,1070.66
2024-06-22T10:25:15.048Z,827,Smartphone,5,673.62
2024-04-03T10:25:15.048Z,989,Camera,5,389.41
2023-10-27T10:25:15.048Z,277,Smartphone,3,1825.47
2024-03-12T10:25:15.048Z,518,Headphones,2,1139.08
2024-01-15T10:25:15.048Z,289,Headphones,5,1659.95
2024-02-10T10:25:15.048Z,54,Smartphone,1,835.76
2024-05-31T10:25:15.048Z,75,Tablet,2,1557.21
2023-08-19T10:25:15.048Z,947,Camera,2,1163.74
2024-05-09T10:25:15.048Z,266,Smartphone,1,1832.97
2024-02-08T10:25:15.048Z,24,Tablet,3,1735.64
2023-11-13T10:25:15.048Z,664,Camera,3,1201.16
2023-10-19T10:25:15.048Z,201,Headphones,2,301.62
2023-09-17T10:25:15.048Z,704,Tablet,4,101.33
2023-12-02T10:25:15.048Z,582,Camera,5,196.74
2023-11-09T10:25:15.048Z,866,Tablet,1,1067.45
2024-04-12T10:25:15.048Z,668,Laptop,3,512.57
2023-10-02T10:25:15.048Z,290,Camera,2,1139.04
2024-07-10T10:25:15.048Z,751,Camera,2,600.79
2023-11-19T10:25:15.048Z,105,Headphones,3,1463.59
2024-05-05T10:25:15.048Z,972,Camera,3,921.28
2023-12-25T10:25:15.048Z,953,Headphones,1,1171.43
2024-05-19T10:25:15.048Z,937,Camera,2,404.54
2024-02-11T10:25:15.048Z,939,Laptop,3,1743.56
2024-05-04T10:25:15.048Z,747,Tablet,2,165.81
2023-08-06T10:25:15.048Z,442,Tablet,5,1797.6
2024-02-01T10:25:15.048Z,258,Headphones,5,882.08
2024-06-10T10:25:15.048Z,875,Tablet,1,460.82
2024-01-10T10:25:15.048Z,466,Headphones,5,1297.35
2024-05-02T10:25:15.048Z,634,Tablet,5,1593.19
2023-08-14T10:25:15.048Z,146,Smartphone,2,783.43
2023-09-14T10:25:15.048Z,779,Smartphone,1,519.1
2024-06-10T10:25:15.048Z,138,Headphones,1,185.24
2023-08-17T10:25:15.048Z,643,Headphones,3,1869.37
2023-12-21T10:25:15.048Z,815,Laptop,4,770.57
2024-02-22T10:25:15.048Z,668,Tablet,5,310.12
2024-01-18T10:25:15.048Z,689,Camera,5,819.23
2024-01-02T10:25:15.048Z,257,Camera,1,1475.83
2023-07-31T10:25:15.048Z,616,Laptop,2,394.98
2023-12-20T10:25:15.048Z,938,Headphones,4,1256.66
2023-07-14T10:25:15.048Z,333,Tablet,4,1141.25
2024-06-11T10:25:15.048Z,563,Smartphone,1,1323.0
2024-02-12T10:25:15.048Z,926,Headphones,1,960.46
2023-07-18T10:25:15.048Z,892,Laptop,5,1724.64
2023-10-02T10:25:15.048Z,159,Smartphone,1,1885.3
2024-02-04T10:25:15.048Z,81,Laptop,5,1189.94
2023-07-17T10:25:15.048Z,985,Tablet,2,1694.91
2023-07-18T10:25:15.048Z,943,Laptop,3,551.67
2023-08-28T10:25:15.048Z,669,Tablet,4,1413.38
2023-07-15T10:25:15.048Z,81,Camera,4,1993.59
2024-04-07T10:25:15.048Z,148,Laptop,3,1322.16
2024-06-22T10:25:15.048Z,820,Laptop,3,1799.68
2023-09-10T10:25:15.048Z,621,Tablet,1,1517.69
2024-06-13T10:25:15.048Z,249,Tablet,2,1579.97
2023-10-06T10:25:15.048Z,768,Tablet,4,387.39
2024-03-31T10:25:15.048Z,849,Laptop,3,1134.03
2024-04-06T10:25:15.048Z,749,Smartphone,2,474.23
2023-11-10T10:25:15.048Z,914,Headphones,4,960.62
2024-01-02T10:25:15.048Z,898,Smartphone,4,831.8
2023-07-12T10:25:15.048Z,598,Smartphone,2,905.29
2023-09-02T10:25:15.048Z,22,Camera,3,1299.52
2024-01-03T10:25:15.048Z,683,Headphones,2,439.9
2024-03-06T10:25:15.048Z,446,Camera,3,1695.84
2023-09-14T10:25:15.048Z,737,Smartphone,3,1089.26
2023-12-14T10:25:15.048Z,502,Smartphone,4,405.42
2024-04-29T10:25:15.048Z,1000,Tablet,5,1417.69
2024-06-28T10:25:15.048Z,893,Tablet,2,253.18
2023-10-19T10:25:15.048Z,445,Camera,5,350.04
2023-07-11T10:25:15.048Z,37,Laptop,4,1579.14
2023-12-13T10:25:15.048Z,254,Camera,1,1035.05
2023-09-08T10:25:15.048Z,408,Smartphone,5,1894.69
2023-07-22T10:25:15.048Z,121,Headphones,4,151.59
2023-10-24T10:25:15.048Z,348,Camera,3,1892.45
2024-07-08T10:25:15.048Z,56,Laptop,2,1924.72
2024-06-20T10:25:15.048Z,938,Tablet,4,521.79
2024-05-26T10:25:15.048Z,96,Camera,4,675.44
2024-05-28T10:25:15.048Z,215,Smartphone,3,584.56
2024-05-13T10:25:15.048Z,527,Tablet,4,1870.88
2024-03-31T10:25:15.048Z,910,Headphones,3,1826.45
2024-05-04T10:25:15.048Z,737,Smartphone,1,476.2
2024-03-26T10:25:15.048Z,863,Laptop,3,693.14
2024-05-17T10:25:15.048Z,326,Tablet,2,1430.79
2023-08-13T10:25:15.048Z,107,Camera,3,240.88
2023-09-11T10:25:15.048Z,117,Smartphone,3,1822.44
2024-02-05T10:25:15.048Z,710,Tablet,4,919.44
2024-01-27T10:25:15.048Z,288,Tablet,1,111.7
2023-07-18T10:25:15.048Z,397,Laptop,4,1367.67
2023-09-30T10:25:15.048Z,196,Headphones,4,841.63
2024-07-03T10:25:15.048Z,291,Camera,5,734.82
2023-08-11T10:25:15.048Z,725,Camera,3,1362.11
2023-12-17T10:25:15.048Z,572,Headphones,3,1715.62
2024-07-04T10:25:15.048Z,940,Tablet,3,853.88
2023-08-22T10:25:15.048Z,359,Camera,5,1650.32
2024-07-03T10:25:15.048Z,239,Laptop,5,941.75
2024-01-28T10:25:15.048Z,850,Smartphone,4,1205.58
2024-06-20T10:25:15.048Z,76,Smartphone,3,671.17
2023-12-07T10:25:15.048Z,224,Headphones,2,1242.61
2023-12-25T10:25:15.048Z,488,Headphones,4,1707.44
2023-08-12T10:25:15.048Z,401,Smartphone,3,423.68
2024-05-14T10:25:15.048Z,56,Smartphone,5,540.73
2024-03-31T10:25:15.048Z,998,Headphones,4,1236.17
2023-09-13T10:25:15.048Z,723,Laptop,3,350.98
2024-07-09T10:25:15.048Z,919,Laptop,4,432.94
2024-03-11T10:25:15.048Z,116,Smartphone,4,710.49
2024-05-16T10:25:15.048Z,965,Headphones,4,1609.13
2023-11-05T10:25:15.048Z,754,Laptop,5,1819.85
2023-11-24T10:25:15.048Z,308,Camera,1,181.91
2023-08-11T10:25:15.048Z,229,Smartphone,2,1900.81
2023-10-05T10:25:15.048Z,26,Headphones,4,568.21
2023-11-17T10:25:15.048Z,831,Smartphone,4,106.06
2024-01-22T10:25:15.048Z,642,Laptop,5,146.54
2024-01-08T10:25:15.048Z,839,Headphones,1,1778.97
2024-05-08T10:25:15.048Z,713,Laptop,3,1678.76
2024-05-26T10:25:15.048Z,636,Laptop,1,1018.66
2024-03-18T10:25:15.048Z,878,Camera,2,982.14
2023-08-27T10:25:15.048Z,872,Laptop,4,1850.57
2024-07-10T10:25:15.048Z,352,Laptop,2,1971.19
2023-07-16T10:25:15.048Z,351,Headphones,1,891.65
2024-03-02T10:25:15.048Z,969,Smartphone,1,314.88
2024-02-29T10:25:15.048Z,415,Tablet,2,1132.33
2023-11-14T10:25:15.048Z,462,Smartphone,3,1243.92
2023-11-06T10:25:15.048Z,998,Smartphone,5,851.9
2023-11-18T10:25:15.048Z,489,Camera,2,1340.94
2023-11-11T10:25:15.048Z,758,Headphones,1,1324.8
2024-03-03T10:25:15.048Z,740,Laptop,1,1205.46
2023-07-11T10:25:15.048Z,898,Laptop,2,132.36
2024-06-06T10:25:15.048Z,195,Camera,5,720.58
2023-10-24T10:25:15.048Z,762,Smartphone,3,1293.75
2024-05-14T10:25:15.048Z,253,Smartphone,2,1798.48
2023-11-08T10:25:15.048Z,690,Smartphone,5,1826.71
2023-08-16T10:25:15.048Z,445,Camera,5,626.8
2023-12-14T10:25:15.048Z,73,Headphones,4,1740.07
2023-09-09T10:25:15.048Z,361,Laptop,1,662.14
2023-08-07T10:25:15.048Z,924,Headphones,5,1121.66
2024-07-10T10:25:15.048Z,795,Headphones,1,1506.62
2023-07-15T10:25:15.048Z,687,Tablet,1,946.46
2024-07-04T10:25:15.048Z,458,Tablet,1,1252.9
2023-11-28T10:25:15.048Z,170,Laptop,3,1584.82
2023-12-20T10:25:15.048Z,226,Headphones,4,1616.2
2023-12-05T10:25:15.048Z,160,Tablet,2,461.06
2024-06-12T10:25:15.048Z,207,Laptop,3,850.36
2024-01-03T10:25:15.048Z,523,Laptop,4,156.37
2023-11-13T10:25:15.048Z,501,Tablet,4,416.67
2023-08-04T10:25:15.048Z,293,Laptop,2,1659.6
2023-12-07T10:25:15.048Z,194,Camera,5,1495.71
2024-05-02T10:25:15.048Z,545,Headphones,4,542.71
2023-09-21T10:25:15.048Z,852,Laptop,4,1060.8
2023-11-29T10:25:15.048Z,700,Smartphone,5,378.21
2023-10-07T10:25:15.048Z,873,Smartphone,3,1353.95
2024-04-27T10:25:15.048Z,365,Camera,4,1005.25
2024-04-21T10:25:15.048Z,712,Headphones,3,1523.72
2023-08-02T10:25:15.048Z,792,Laptop,3,1532.03
2024-06-21T10:25:15.048Z,975,Camera,3,1345.74
2023-07-16T10:25:15.048Z,741,Tablet,2,793.43
2023-11-17T10:25:15.048Z,927,Laptop,3,1936.81
2024-02-07T10:25:15.048Z,460,Camera,5,719.14
2024-02-12T10:25:15.048Z,490,Tablet,2,1745.49
2024-05-15T10:25:15.048Z,504,Camera,2,1971.5
2023-09-03T10:25:15.048Z,685,Tablet,3,1318.13
2024-01-25T10:25:15.048Z,60,Laptop,5,956.99
2024-05-03T10:25:15.048Z,191,Camera,5,1222.44
2024-02-10T10:25:15.048Z,86,Headphones,5,1409.39
2023-07-25T10:25:15.048Z,888,Smartphone,5,828.99
2024-01-24T10:25:15.048Z,724,Smartphone,2,1741.22
2024-02-13T10:25:15.048Z,186,Headphones,3,425.03
2023-11-08T10:25:15.048Z,273,Smartphone,1,547.75
2023-07-13T10:25:15.048Z,804,Headphones,1,770.4
2023-09-05T10:25:15.048Z,242,Camera,1,1909.37
2024-05-28T10:25:15.048Z,966,Headphones,5,876.24
2024-05-09T10:25:15.048Z,726,Laptop,4,543.13
2024-04-18T10:25:15.048Z,89,Tablet,4,1972.46
2023-08-29T10:25:15.048Z,640,Smartphone,3,1594.07
2023-09-25T10:25:15.048Z,512,Headphones,4,962.26
2023-11-24T10:25:15.048Z,398,Smartphone,3,1005.87
2023-11-30T10:25:15.048Z,523,Laptop,5,1910.64
2023-09-22T10:25:15.048Z,983,Headphones,4,1475.55
2024-01-23T10:25:15.048Z,385,Headphones,2,999.43
2024-01-14T10:25:15.048Z,288,Camera,3,1094.0
2024-06-15T10:25:15.048Z,430,Camera,3,762.33
2024-01-11T10:25:15.048Z,458,Camera,5,387.11
2023-09-15T10:25:15.048Z,351,Tablet,2,761.06
2024-06-15T10:25:15.048Z,236,Laptop,1,615.57
2023-10-17T10:25:15.048Z,704,Tablet,1,337.36
2024-02-20T10:25:15.048Z,478,Smartphone,1,520.87
2024-04-29T10:25:15.048Z,612,Headphones,1,1300.3
2024-01-21T10:25:15.048Z,636,Laptop,2,1875.6
2023-08-11T10:25:15.048Z,699,Smartphone,1,1194.6
2024-05-26T10:25:15.048Z,220,Camera,4,889.26
2024-04-06T10:25:15.048Z,341,Camera,1,122.97
2023-07-24T10:25:15.048Z,147,Laptop,1,1999.34
2023-12-02T10:25:15.048Z,843,Laptop,4,1603.27
2023-10-24T10:25:15.048Z,446,Headphones,4,408.12
2023-10-10T10:25:15.048Z,74,Tablet,4,905.63
2024-01-15T10:25:15.048Z,311,Laptop,2,385.32
2023-11-11T10:25:15.048Z,55,Tablet,1,602.95
2023-12-22T10:25:15.048Z,954,Camera,3,152.4
2023-10-14T10:25:15.048Z,64,Smartphone,3,1170.19
2023-08-23T10:25:15.048Z,994,Camera,4,711.18
2024-02-11T10:25:15.048Z,35,Camera,4,972.15
2024-01-01T10:25:15.048Z,497,Tablet,1,864.32
2023-10-13T10:25:15.048Z,914,Tablet,1,101.15
2024-04-01T10:25:15.048Z,76,Smartphone,2,1326.05
2023-08-28T10:25:15.048Z,353,Tablet,4,1647.55
2023-07-21T10:25:15.048Z,845,Tablet,4,1994.2
2023-12-02T10:25:15.048Z,423,Tablet,1,1685.64
2024-04-10T10:25:15.048Z,885,Laptop,2,1306.71
2024-01-24T10:25:15.048Z,723,Laptop,5,1509.16
2024-06-01T10:25:15.048Z,991,Headphones,4,673.46
2024-03-03T10:25:15.048Z,521,Tablet,5,1639.23
2023-08-24T10:25:15.048Z,242,Headphones,5,1808.49
2023-08-07T10:25:15.048Z,232,Laptop,1,568.56
2023-11-29T10:25:15.048Z,676,Camera,3,1617.18
2024-01-01T10:25:15.048Z,517,Tablet,4,1986.34
2024-07-02T10:25:15.048Z,339,Smartphone,2,376.31
2023-11-02T10:25:15.048Z,480,Tablet,1,330.19
2024-05-23T10:25:15.048Z,285,Tablet,2,1986.51
2023-11-05T10:25:15.048Z,401,Headphones,2,813.05
2024-07-01T10:25:15.048Z,293,Laptop,5,103.6
2024-03-13T10:25:15.048Z,964,Smartphone,4,1985.42
2024-05-01T10:25:15.048Z,677,Headphones,5,1198.0
2023-12-12T10:25:15.048Z,984,Camera,2,1514.77
2024-02-19T10:25:15.048Z,58,Smartphone,2,406.17
2023-12-29T10:25:15.048Z,312,Tablet,1,533.71
2023-12-03T10:25:15.048Z,337,Tablet,2,1762.94
2023-09-17T10:25:15.048Z,639,Tablet,2,331.42
2023-10-21T10:25:15.048Z,915,Smartphone,5,1068.36
2023-08-06T10:25:15.048Z,398,Smartphone,1,387.75
2023-08-27T10:25:15.048Z,88,Smartphone,5,195.24
2023-09-07T10:25:15.048Z,775,Smartphone,3,502.67
2023-07-15T10:25:15.048Z,281,Headphones,2,1643.73
2023-07-30T10:25:15.048Z,98,Laptop,5,1430.91
2023-07-15T10:25:15.048Z,708,Laptop,3,1767.61
2023-09-10T10:25:15.048Z,291,Headphones,3,289.3
2024-02-15T10:25:15.048Z,683,Camera,2,498.99
2024-03-06T10:25:15.048Z,575,Smartphone,1,1012.66
2023-12-14T10:25:15.048Z,493,Headphones,4,1599.94
2024-01-02T10:25:15.048Z,751,Camera,4,530.8
2024-02-29T10:25:15.048Z,868,Laptop,1,994.74
2023-07-14T10:25:15.048Z,361,Laptop,1,1450.64
2023-11-03T10:25:15.048Z,644,Smartphone,2,303.85
2024-03-12T10:25:15.048Z,413,Headphones,4,1033.72
2024-03-20T10:25:15.048Z,898,Laptop,1,1776.09
2024-03-16T10:25:15.048Z,210,Headphones,2,1204.03
2024-01-16T10:25:15.048Z,121,Smartphone,5,472.72
2023-10-05T10:25:15.048Z,418,Camera,3,876.52
2023-10-28T10:25:15.048Z,568,Camera,5,1101.73
2024-06-07T10:25:15.048Z,102,Camera,4,1533.0
2023-07-24T10:25:15.048Z,413,Tablet,2,1722.06
2023-10-20T10:25:15.048Z,830,Smartphone,5,1450.89
2024-03-15T10:25:15.048Z,881,Laptop,3,850.91
2024-01-22T10:25:15.048Z,863,Headphones,4,927.13
2024-01-31T10:25:15.048Z,561,Camera,2,1278.65
2024-05-04T10:25:15.048Z,352,Smartphone,4,880.7
2023-07-27T10:25:15.048Z,376,Headphones,2,1808.17
2024-03-12T10:25:15.048Z,112,Camera,2,1045.55
2024-04-03T10:25:15.048Z,394,Headphones,3,352.44
2024-05-09T10:25:15.048Z,651,Headphones,2,1176.53
2024-01-26T10:25:15.048Z,262,Headphones,5,297.68
2023-09-01T10:25:15.048Z,727,Tablet,2,1330.53
2023-07-23T10:25:15.048Z,514,Laptop,5,1328.14
2024-06-14T10:25:15.048Z,244,Headphones,1,325.72
2024-01-13T10:25:15.048Z,528,Smartphone,2,753.26
2023-12-25T10:25:15.048Z,882,Laptop,4,612.0
2024-04-05T10:25:15.048Z,819,Headphones,3,1250.1
2023-12-19T10:25:15.048Z,576,Smartphone,4,349.23
2023-11-06T10:25:15.048Z,182,Smartphone,1,202.28
2024-02-18T10:25:15.048Z,211,Laptop,4,1342.15
2024-03-16T10:25:15.048Z,89,Smartphone,2,1280.96
2023-11-10T10:25:15.048Z,594,Laptop,2,1398.05
2024-03-23T10:25:15.048Z,920,Headphones,1,1474.01
2023-10-29T10:25:15.048Z,313,Headphones,3,1847.89
2024-02-21T10:25:15.048Z,554,Smartphone,5,1311.31
2024-03-27T10:25:15.048Z,198,Tablet,5,699.87
2024-04-19T10:25:15.048Z,968,Headphones,2,1499.6
2024-03-12T10:25:15.048Z,66,Smartphone,5,1197.01
2024-06-05T10:25:15.048Z,494,Tablet,4,855.17
2023-11-17T10:25:15.048Z,876,Smartphone,2,1054.82
2023-08-12T10:25:15.048Z,271,Laptop,2,749.9
2023-12-25T10:25:15.048Z,922,Smartphone,3,1066.43
2024-03-06T10:25:15.048Z,718,Laptop,1,279.67
2024-05-29T10:25:15.048Z,966,Tablet,1,1799.19
2024-05-08T10:25:15.048Z,625,Camera,1,1797.58
2023-08-15T10:25:15.048Z,892,Headphones,3,1868.01
2024-01-19T10:25:15.048Z,767,Headphones,4,1169.61
2023-11-07T10:25:15.048Z,345,Headphones,4,1427.02
2024-04-19T10:25:15.048Z,563,Camera,1,387.21
2024-02-16T10:25:15.048Z,79,Smartphone,2,1428.59
2024-04-03T10:25:15.048Z,384,Headphones,5,167.1
2024-02-06T10:25:15.048Z,411,Smartphone,4,181.47
2024-06-03T10:25:15.048Z,522,Smartphone,3,928.19
2024-07-07T10:25:15.048Z,881,Headphones,4,285.94
2024-01-24T10:25:15.048Z,286,Tablet,5,394.51
2023-10-24T10:25:15.048Z,628,Laptop,1,314.35
2024-06-16T10:25:15.048Z,220,Laptop,1,1145.88
2023-11-25T10:25:15.048Z,430,Laptop,4,1141.09
2024-04-21T10:25:15.048Z,947,Headphones,3,1194.29
2024-02-10T10:25:15.048Z,906,Laptop,5,1866.07
2023-10-04T10:25:15.048Z,354,Smartphone,4,1153.84
2023-11-30T10:25:15.048Z,896,Headphones,4,973.62
2024-02-16T10:25:15.048Z,906,Laptop,5,1419.06
2024-01-16T10:25:15.048Z,677,Smartphone,3,691.8
2024-05-06T10:25:15.048Z,360,Tablet,1,865.74
2023-07-16T10:25:15.048Z,33,Camera,5,1964.34
2024-05-23T10:25:15.048Z,764,Laptop,5,737.52
2023-10-21T10:25:15.048Z,114,Headphones,4,1900.55
2024-04-12T10:25:15.048Z,302,Tablet,1,1856.17
2023-11-29T10:25:15.048Z,469,Laptop,2,1435.71
2023-07-23T10:25:15.048Z,42,Smartphone,3,1601.71
2023-09-30T10:25:15.048Z,262,Headphones,5,379.98
2024-03-07T10:25:15.048Z,602,Laptop,2,1295.11
2023-10-29T10:25:15.048Z,241,Headphones,3,168.17
2024-02-02T10:25:15.048Z,440,Camera,3,1566.69
2024-01-01T10:25:15.048Z,502,Smartphone,4,1343.53
2023-08-07T10:25:15.048Z,129,Smartphone,3,850.39
2024-01-19T10:25:15.048Z,288,Laptop,3,1506.04
2024-05-06T10:25:15.048Z,904,Smartphone,2,1685.21
2024-02-01T10:25:15.048Z,591,Laptop,3,1680.38
2024-05-14T10:25:15.048Z,254,Smartphone,4,1643.13
2023-11-14T10:25:15.048Z,473,Headphones,1,754.09
2024-03-01T10:25:15.048Z,485,Smartphone,2,300.06
2024-04-17T10:25:15.048Z,576,Tablet,4,1319.99
2024-03-01T10:25:15.048Z,473,Headphones,3,824.96
2023-11-05T10:25:15.048Z,450,Camera,5,1068.66
2023-08-28T10:25:15.048Z,148,Smartphone,5,1893.14
2023-11-27T10:25:15.048Z,627,Headphones,3,1067.51
2023-12-20T10:25:15.048Z,392,Headphones,1,905.08
2024-01-30T10:25:15.048Z,591,Headphones,4,1255.12
2024-01-31T10:25:15.048Z,970,Smartphone,1,908.77
2024-01-21T10:25:15.048Z,914,Headphones,2,1294.22
2024-05-12T10:25:15.048Z,307,Smartphone,3,1125.31
2023-10-16T10:25:15.048Z,323,Laptop,4,146.41
2023-12-27T10:25:15.048Z,663,Headphones,1,220.81
2023-12-30T10:25:15.048Z,768,Laptop,3,291.55
2023-09-23T10:25:15.048Z,683,Tablet,2,794.48
2024-06-15T10:25:15.048Z,617,Tablet,4,808.16
2024-04-20T10:25:15.048Z,691,Laptop,1,1628.52
2023-09-24T10:25:15.048Z,857,Laptop,3,107.23
2024-05-22T10:25:15.048Z,419,Headphones,3,1797.29
2024-07-10T10:25:15.048Z,370,Headphones,4,1770.53
2023-09-18T10:25:15.048Z,886,Laptop,1,1952.88
2023-12-30T10:25:15.048Z,174,Laptop,2,1114.88
2023-07-24T10:25:15.048Z,619,Headphones,5,1743.91
2024-05-01T10:25:15.048Z,482,Headphones,3,255.0
2024-06-24T10:25:15.048Z,317,Camera,5,1696.89
2023-08-01T10:25:15.048Z,774,Laptop,2,259.5
2024-04-18T10:25:15.048Z,431,Tablet,3,812.24
2024-03-22T10:25:15.048Z,654,Laptop,5,1629.3
2023-10-04T10:25:15.048Z,392,Tablet,1,897.5
2023-12-04T10:25:15.048Z,999,Camera,1,1028.1
2024-06-28T10:25:15.048Z,512,Camera,4,1418.03
2024-01-08T10:25:15.048Z,471,Headphones,1,1525.32
2024-02-21T10:25:15.048Z,488,Smartphone,4,297.1
2024-04-10T10:25:15.048Z,196,Smartphone,2,1685.29
2023-07-12T10:25:15.048Z,275,Laptop,3,1007.37
2023-07-30T10:25:15.048Z,113,Tablet,2,1565.64
2024-05-04T10:25:15.048Z,941,Camera,3,1728.49
2024-04-24T10:25:15.048Z,569,Camera,5,285.56
2024-04-20T10:25:15.048Z,464,Headphones,5,449.87
2023-08-10T10:25:15.048Z,596,Smartphone,4,330.65
2023-07-25T10:25:15.048Z,302,Laptop,5,798.85
2023-10-13T10:25:15.048Z,474,Smartphone,1,1468.65
2024-02-26T10:25:15.048Z,854,Laptop,1,818.37
2023-09-03T10:25:15.048Z,356,Smartphone,4,499.41
2024-02-21T10:25:15.048Z,391,Tablet,2,774.33
2024-02-14T10:25:15.048Z,138,Camera,5,1032.59
2023-12-30T10:25:15.048Z,912,Camera,2,863.15
2024-06-29T10:25:15.048Z,635,Camera,5,735.63
2024-01-06T10:25:15.048Z,857,Smartphone,5,1931.45
2024-05-09T10:25:15.048Z,109,Smartphone,4,1301.04
2023-10-27T10:25:15.048Z,217,Headphones,2,868.18
2023-10-02T10:25:15.048Z,979,Smartphone,4,1293.43
2023-10-01T10:25:15.048Z,428,Headphones,3,1525.22
2024-03-07T10:25:15.048Z,317,Headphones,2,1000.12
2024-05-03T10:25:15.048Z,229,Smartphone,1,1157.29
2023-09-24T10:25:15.048Z,162,Smartphone,1,1720.51
2024-06-24T10:25:15.048Z,169,Smartphone,4,1390.2
2023-10-26T10:25:15.048Z,811,Smartphone,1,150.24
2024-01-14T10:25:15.048Z,553,Smartphone,3,1695.98
2024-03-15T10:25:15.048Z,929,Laptop,3,1623.68
2024-06-17T10:25:15.048Z,170,Camera,5,1068.34
2024-05-08T10:25:15.048Z,548,Camera,5,939.37
2024-06-16T10:25:15.048Z,268,Headphones,2,1455.84
2024-03-11T10:25:15.048Z,251,Laptop,1,1803.17
2023-11-11T10:25:15.048Z,875,Camera,4,1203.72
2024-04-27T10:25:15.048Z,129,Laptop,4,1429.45
2024-01-10T10:25:15.048Z,568,Laptop,5,748.49
2023-09-10T10:25:15.048Z,286,Camera,3,1297.9
2024-01-20T10:25:15.048Z,433,Smartphone,2,1645.41
2024-03-14T10:25:15.048Z,716,Laptop,1,784.71
2024-04-10T10:25:15.048Z,595,Headphones,1,1926.82
2023-11-16T10:25:15.048Z,76,Camera,2,657.01
2024-01-12T10:25:15.048Z,236,Headphones,3,1188.75
2023-11-10T10:25:15.048Z,630,Camera,4,1354.38
2023-12-24T10:25:15.048Z,262,Tablet,5,1277.59
2024-02-10T10:25:15.048Z,420,Smartphone,4,1895.93
2024-02-15T10:25:15.048Z,694,Smartphone,2,746.58
2024-03-08T10:25:15.048Z,789,Camera,3,568.46
2024-04-08T10:25:15.048Z,704,Tablet,1,1758.53
2024-06-05T10:25:15.048Z,456,Camera,1,823.55
2023-11-18T10:25:15.048Z,63,Tablet,2,1977.94
2023-08-09T10:25:15.048Z,282,Headphones,2,583.48
2023-09-12T10:25:15.048Z,420,Headphones,2,652.83
2024-02-25T10:25:15.048Z,368,Camera,2,354.88
2024-01-24T10:25:15.048Z,733,Smartphone,2,382.37
2024-05-18T10:25:15.048Z,680,Laptop,2,1346.37
2023-09-30T10:25:15.048Z,107,Camera,3,722.35
2023-10-21T10:25:15.048Z,939,Camera,4,1443.29
2024-04-11T10:25:15.048Z,415,Smartphone,2,1292.66
2024-05-14T10:25:15.048Z,914,Camera,1,177.85
2024-07-09T10:25:15.048Z,431,Smartphone,3,1033.13
2023-10-02T10:25:15.048Z,646,Headphones,3,1418.47
2024-04-09T10:25:15.048Z,157,Camera,1,948.27
2024-03-09T10:25:15.048Z,265,Laptop,3,243.32
